pair_id,left_index,right_index,nombre_a,nombre_b,fecha_nacimiento_a,fecha_nacimiento_b,sexo_a,sexo_b,telefono_a,telefono_b,correo_a,correo_b,pais_a,pais_b,id_consulta_a,id_consulta_b,decision_manual
PAIR_0001,929,2750,sergio gomez,sergio gomez,1995-10-07,1995-10-07,M,M,605422865,34605422865,,sergio.gomez.000967@hospitalmail.com,espana,espana,SGM_M_ESP_2903_30,SGM_M_ESP_1704_84,
PAIR_0002,1997,4784,sergio garcia,sergio garcia diaz,2006-02-02,2006-02-02,M,M,34645718188,645718188,sergio.garcia.000766@gmail.com,,espana,espana,SGD_M_ESP_1409_31,SGD_M_ESP_3007_51,
PAIR_0003,67,4597,miguel martinez sanchez,miguel martinez,1967-01-27,1967-01-27,M,M,34629953292,629953292,miguel.martinez.000601@outlook.com,,espana,espana,MMS_M_ESP_2208_68,MMS_M_ESP_1011_64,
PAIR_0004,2920,3032,marta martin hernandez,marta martin,1957-06-03,1957-06-03,F,F,631156954,34631156954,marta.martin.000433@hospitalmail.com,,espana,espana,MMH_F_ESP_3107_54,MMH_F_ESP_1306_66,
PAIR_0005,75,3032,marta martin hernandez,marta martin,1957-06-03,1957-06-03,F,F,631156954,34631156954,marta.martin.000433@hospitalmail.com,,espana,espana,MMH_F_ESP_2706_76,MMH_F_ESP_1306_66,
PAIR_0006,155,2494,marta garcia fernandez,marta garcia,1941-10-10,1941-10-10,F,F,34624895296,624895296,,marta.garcia.001498@gmail.com,espana,espana,MGF_F_ESP_2208_56,MGF_F_ESP_0403_28,
PAIR_0007,88,4138,irene sachez ruiz,irene sanchez,2015-11-04,2015-11-04,F,F,629947794,34629947794,,irene.sanchez.001181@outlook.com,espana,espana,ISR_F_ESP_2602_89,ISR_F_ESP_0108_05,
PAIR_0008,145,4681,carmen rodriguez rodriguez,carmen rodriguez,1974-04-03,1974-04-03,F,F,6655145,665514588,,carmen.rodriguez.000961@outlook.com,espana,espana,CRR_F_ESP_2207_46,CRR_F_ESP_2803_48,
PAIR_0009,179,4371,sergio ruiz garcia,sergio ruiz,2015-08-28,2015-08-28,M,M,34646179620,646179620,sergio.ruiz.000467@gmail.com,,espana,espana,SRG_M_ESP_2201_80,SRG_M_ESP_0402_38,
PAIR_0010,4371,4565,sergio ruiz,sergio riz garcia,2015-08-28,2015-08-28,M,M,646179620,,,sergio.ruiz.000467@gmail.com,espana,espana,SRG_M_ESP_0402_38,SRG_M_ESP_0204_32,
PAIR_0011,184,743,nuria lopez ruiz,nuria lopez,1972-05-11,1972-05-11,F,F,34666332292,666332292,nuria.lopez.000768@outlook.com,,espana,espana,NLR_F_ESP_2105_85,NLR_F_ESP_2911_44,
PAIR_0012,743,1594,nuria lopez,nuria lopez ruiz,1972-05-11,1972-05-11,F,F,666332292,,,nuria.lopez.000768@outlook.com,espana,espana,NLR_F_ESP_2911_44,NLR_F_ESP_0810_95,
PAIR_0013,550,2296,manuel garcia rodriguez,manuel garcia,1936-07-02,1936-07-02,M,M,34680065945,680065945,manuel.garcia.000824@gmail.com,,espana,espana,MGR_M_ESP_2904_51,MGR_M_ESP_1602_30,
PAIR_0014,2296,4644,manuel garcia,manuel garcia rodriguez,1936-07-02,1936-07-02,M,M,680065945,680065,,manuel.garcia.000824@gmail.com,espana,espana,MGR_M_ESP_1602_30,MGR_M_ESP_2604_11,
PAIR_0015,199,1489,maria fernandez fernandez,marta sanchez martin,2005-05-25,2005-05-25,F,F,34622330934,34656229652,,marta.sanchez.001937@outlook.com,espana,espana,MFF_F_ESP_2212_00,MSM_F_ESP_1711_90,
PAIR_0016,199,2680,maria fernandez fernandez,marta sanchez martin,2005-05-25,2005-05-25,F,F,34622330934,656229652,,marta.sanchez.001937@outlook.com,espana,espana,MFF_F_ESP_2212_00,MSM_F_ESP_0510_14,
PAIR_0017,199,4791,maria fernandez fernandez,marta sanchez martin,2005-05-25,2005-05-25,F,F,34622330934,656229652,,marta.sanchez.001937@outlook.com,espana,espana,MFF_F_ESP_2212_00,MSM_F_ESP_2409_58,
PAIR_0018,199,2142,maria fernandez fernandez,marta sanchez martin,2005-05-25,2005-05-25,F,F,34622330934,65622965,,marta.sanchez.001937@outlook.com,espana,espana,MFF_F_ESP_2212_00,MSM_F_ESP_2410_76,
PAIR_0019,205,649,marta ruiz lopez,maria lopez rodriguez,1972-02-14,1972-02-14,F,F,34693195563,669530441,marta.ruiz.001473@hospitalmail.com,maria.lopez.000807@mail.com,espana,espana,MRL_F_ESP_0111_06,MLR_F_ESP_1205_50,
PAIR_0020,649,2404,maria lopez rodriguez,marta ruiz lopez,1972-02-14,1972-02-14,F,F,669530441,693195563,maria.lopez.000807@mail.com,marta.ruiz.001473@hospitalmail.com,espana,espana,MLR_F_ESP_1205_50,MRL_F_ESP_2402_38,
PAIR_0021,649,3239,maria lopez rodriguez,marta ruiz lopez,1972-02-14,1972-02-14,F,F,669530441,34693195563,maria.lopez.000807@mail.com,marta.ruiz.001473@hospitalmail.com,espana,espana,MLR_F_ESP_1205_50,MRL_F_ESP_0205_73,
PAIR_0022,649,4994,maria lopez rodriguez,marta ruiz lopez,1972-02-14,1972-02-14,F,F,669530441,693195563,maria.lopez.000807@mail.com,marta.ruiz.001473@hospitalmail.com,espana,espana,MLR_F_ESP_1205_50,MRL_F_ESP_2507_61,
PAIR_0023,489,676,maria hernandez rodriguez,maria hernandez,1951-11-16,1951-11-16,F,F,34627481458,627481458,maria.hernandez.000048@mail.com,,espana,espana,MHR_F_ESP_2604_90,MHR_F_ESP_0309_77,
PAIR_0024,225,2758,maria hernandez rodriguez,maria hernandez,1951-11-16,1951-11-16,F,F,627481458,34627481458,maria.hernandez.000048@mail.com,,espana,espana,MHR_F_ESP_1902_26,MHR_F_ESP_2010_92,
PAIR_0025,676,2758,maria hernandez,maria hernandez,1951-11-16,1951-11-16,F,F,627481458,34627481458,,,espana,espana,MHR_F_ESP_0309_77,MHR_F_ESP_2010_92,
PAIR_0026,252,4532,pablo perez,pablo perez rodriguez,1978-05-26,1978-05-26,M,M,654862935,34654862935,,pablo.perez.000145@hospitalmail.com,espana,espana,PPR_M_ESP_0410_53,PPR_M_ESP_2411_99,
PAIR_0027,1930,4807,javier diaz,javier diaz ruiz,1945-08-27,1945-08-27,M,M,34639934448,639934448,javier.diaz.001168@gmail.com,,espana,espana,JDR_M_ESP_1611_64,JDR_M_ESP_1804_74,
PAIR_0028,1930,4173,javier diaz,javier diaz ruiz,1945-08-27,1945-08-27,M,M,34639934448,639934448,javier.diaz.001168@gmail.com,,espana,espana,JDR_M_ESP_1611_64,JDR_M_ESP_1307_40,
PAIR_0029,291,3702,alejandro lopez sanchez,alejandro lopez,1956-07-10,1956-07-10,M,M,665605859,652868717,,alejandro.lopez.001119@hospitalmail.com,espana,espana,ALS_M_ESP_2707_92,ALD_M_ESP_0303_69,
PAIR_0030,293,4914,daniel peez garcia,daniel perez garcia,1949-03-02,1949-03-02,M,M,676142620,34676142620,,daniel.perez.000426@mail.com,espana,espana,DPG_M_ESP_2610_94,DPG_M_ESP_0509_81,
PAIR_0031,293,4078,daniel peez garcia,daniel perez garcia,1949-03-02,1949-03-02,M,M,676142620,34676142620,,,espana,espana,DPG_M_ESP_2610_94,DPG_M_ESP_2811_45,
PAIR_0032,295,3021,maria martin,maria martin hernandez,1972-02-20,1972-02-20,F,F,658556044,34658556044,maria.martin.000690@gmail.com,,espana,espana,MMH_F_ESP_0503_96,MMH_F_ESP_0304_55,
PAIR_0033,299,476,daniel sanchez perez,daniel sanchez,1962-07-05,1962-07-05,M,M,636949,34636949226,,daniel.sanchez.001939@hospitalmail.com,espana,espana,DSP_M_ESP_3103_00,DSP_M_ESP_1105_77,
PAIR_0034,301,4025,marta rodriguez fernandez,sara ruiz perez,1982-10-07,1982-10-07,F,F,647954101,627930,marta.rodriguez.000072@gmail.com,sara.ruiz.000665@hospitalmail.com,espana,espana,MRF_F_ESP_0407_02,SRP_F_ESP_2304_92,
PAIR_0035,3528,3798,marta rodriguez fernandez,sara ruiz perez,1982-10-07,1982-10-07,F,F,647954101,627930526,marta.rodriguez.000072@gmail.com,sara.ruiz.000665@hospitalmail.com,espana,espana,MRF_F_ESP_2601_95,SRP_F_ESP_0804_65,
PAIR_0036,3528,4025,marta rodriguez fernandez,sara ruiz perez,1982-10-07,1982-10-07,F,F,647954101,627930,marta.rodriguez.000072@gmail.com,sara.ruiz.000665@hospitalmail.com,espana,espana,MRF_F_ESP_2601_95,SRP_F_ESP_2304_92,
PAIR_0037,301,3798,marta rodriguez fernandez,sara ruiz perez,1982-10-07,1982-10-07,F,F,647954101,627930526,marta.rodriguez.000072@gmail.com,sara.ruiz.000665@hospitalmail.com,espana,espana,MRF_F_ESP_0407_02,SRP_F_ESP_0804_65,
PAIR_0038,989,2391,miguel prez sanchez,miguel perez sanchez,1992-06-22,1992-06-22,M,M,692114540,34692114540,,miguel.perez.000098@outlook.com,espana,espana,MPS_M_ESP_1406_90,MPS_M_ESP_2011_25,
PAIR_0039,1733,4755,sara gomez fernandez,sara gomez,1940-01-26,1940-01-26,F,F,601436644,601436,sara.gomez.000294@outlook.com,,espana,espana,SGF_F_ESP_1412_67,SGF_F_ESP_2702_22,
PAIR_0040,379,4755,sara gomez fernandez,sara gomez,1940-01-26,1940-01-26,F,F,601436644,601436,sara.gomez.000294@outlook.com,,espana,espana,SGF_F_ESP_1807_80,SGF_F_ESP_2702_22,
PAIR_0041,1131,4755,sara gomez fernandez,sara gomez,1940-01-26,1940-01-26,F,F,34601436644,601436,sara.gomez.000294@outlook.com,,espana,espana,SGF_F_ESP_0908_32,SGF_F_ESP_2702_22,
PAIR_0042,389,3513,alejandro ruiz,alejandro ruiz gomez,1953-01-22,1953-01-22,M,M,,659005960,alejandro.ruiz.001675@gmail.com,,espana,espana,ARG_M_ESP_0112_90,ARG_M_ESP_1105_80,
PAIR_0043,405,3727,javier diaz,javier diaz gomez,2002-04-21,2002-04-21,M,M,641194334,6411943,javier.diaz.000077@mail.com,,espana,espana,JDG_M_ESP_0805_06,JDG_M_ESP_3011_94,
PAIR_0044,407,4667,miguel gomez sanchez,miguel gomz sanchez,1986-03-20,1986-03-20,M,M,660732334,6607323,,miguel.gomez.000776@gmail.com,espana,espana,MGS_M_ESP_1902_08,MGS_M_ESP_1811_34,
PAIR_0045,408,2154,manuel hernandez ruiz,manuel gomez jimenez,1961-12-21,1961-12-21,M,M,697024947,600489119,manuel.hernandez.000322@mail.com,manuel.gomez.001231@mail.com,espana,espana,MHR_M_ESP_2412_09,MGJ_M_ESP_1806_88,
PAIR_0046,408,4290,manuel hernandez ruiz,manuel gomez jimenez,1961-12-21,1961-12-21,M,M,697024947,600489119,manuel.hernandez.000322@mail.com,manuel.gomez.001231@mail.com,espana,espana,MHR_M_ESP_2412_09,MGJ_M_ESP_1409_57,
PAIR_0047,408,2468,manuel hernandez ruiz,manuel gomez jimenez,1961-12-21,1961-12-21,M,M,697024947,600489119,manuel.hernandez.000322@mail.com,manuel.gomez.001231@mail.com,espana,espana,MHR_M_ESP_2412_09,MGJ_M_ESP_2608_02,
PAIR_0048,408,4897,manuel hernandez ruiz,manuel gomez jimenez,1961-12-21,1961-12-21,M,M,697024947,600489119,manuel.hernandez.000322@mail.com,manuel.gomez.001231@mail.com,espana,espana,MHR_M_ESP_2412_09,MGJ_M_ESP_2406_64,
PAIR_0049,408,1287,manuel hernandez ruiz,manuel gomez jimenez,1961-12-21,1961-12-21,M,M,697024947,600489119,manuel.hernandez.000322@mail.com,manuel.gomez.001231@mail.com,espana,espana,MHR_M_ESP_2412_09,MGJ_M_ESP_0211_88,
PAIR_0050,3364,4004,antonio perez,antonio perez ruiz,1958-06-05,1958-06-05,M,M,667426361,667426,antonio.perez.000481@outlook.com,,espana,espana,APR_M_ESP_0710_31,APR_M_ESP_2804_71,
PAIR_0051,445,3353,pablo sanchez,pablo sanchez jimenez,2002-11-03,2002-11-03,M,M,,683690018,pablo.sanchez.000958@gmail.com,,espana,espana,PSJ_M_ESP_2812_46,PSJ_M_ESP_0308_20,
PAIR_0052,446,3248,manuel lopez lopez,manuel lpez lopez,1949-03-29,1949-03-29,M,M,34630193934,630193934,,manuel.lopez.001718@gmail.com,espana,espana,MLL_M_ESP_2611_47,MLL_M_ESP_0705_82,
PAIR_0053,460,1802,alvaro diaz gomez,alvaro diaz,1960-11-16,1960-11-16,M,M,668346900,34668346900,,alvaro.diaz.002145@mail.com,espana,espana,ADG_M_ESP_2402_61,ADG_M_ESP_3005_36,
PAIR_0054,573,873,javier gomez,javier gomez gomez,1998-02-23,1998-02-23,M,M,34620801670,620801670,,,espana,espana,JGG_M_ESP_2710_74,JGG_M_ESP_1910_74,
PAIR_0055,3268,4230,marta ruiz jimenez,marta ruiz,2006-08-16,2006-08-16,F,F,34653738286,653738286,marta.ruiz.001607@hospitalmail.com,,espana,espana,MRJ_F_ESP_2705_02,MRJ_F_ESP_0709_97,
PAIR_0056,614,3016,l lopez fernandez,laura lpez fernandez,1990-10-16,1990-10-16,F,F,629855995,34629855995,laura.lopez.000915@hospitalmail.com,,espana,espana,LLF_F_ESP_2204_15,LLF_F_ESP_2504_50,
PAIR_0057,652,1070,david sanchez,david sanchez martin,1945-02-23,1945-02-23,M,M,656099915,65609991,,david.sanchez.000753@outlook.com,espana,espana,DSM_M_ESP_2801_53,DSM_M_ESP_0710_71,
PAIR_0058,2134,3380,carmen martin,carmen martin martinez,1967-01-02,1967-01-02,F,F,34642843238,642843238,carmen.martin.000398@gmail.com,,espana,espana,CMM_F_ESP_1603_68,CMM_F_ESP_1012_47,
PAIR_0059,2173,3314,alvaro sanchez,alvaro sanchez diaz,1979-04-29,1979-04-29,M,M,626420106,34626420106,,alvaro.sanchez.001078@gmail.com,espana,espana,ASD_M_ESP_1110_07,ASD_M_ESP_3012_48,
PAIR_0060,1198,4386,maria sanchez hernandez,maria sanchez,1957-05-16,1957-05-16,F,F,636419104,34636419104,maria.sanchez.001384@mail.com,,espana,espana,MSH_F_ESP_0509_99,MSH_F_ESP_2808_53,
PAIR_0061,796,4386,maria sanchez hernandez,maria sanchez,1957-05-16,1957-05-16,F,F,636419104,34636419104,maria.sanchez.001384@mail.com,,espana,espana,MSH_F_ESP_2208_97,MSH_F_ESP_2808_53,
PAIR_0062,856,4861,lucia sanchez martinez,lucia sanchez,1940-12-30,1940-12-30,F,F,34684478588,684478588,,,espana,espana,LSM_F_ESP_1007_57,LSM_F_ESP_0807_28,
PAIR_0063,1297,3310,paula perez,paula perez jimenez,2019-07-10,2019-07-10,F,F,655634410,34655634410,paula.perez.000533@mail.com,,espana,espana,PPJ_F_ESP_1410_98,PPJ_F_ESP_0808_44,
PAIR_0064,1725,2864,d perez jimenez,daniel peez jimenez,1965-08-14,1965-08-14,M,M,34644495929,644495929,,daniel.perez.000382@mail.com,espana,espana,DPJ_M_ESP_1011_59,DPJ_M_ESP_1702_98,
PAIR_0065,1004,1963,carmen gomez,carmen gomez diaz,2012-10-02,2012-10-02,F,F,638972476,6389724,carmen.gomez.002099@mail.com,,espana,espana,CGD_F_ESP_2804_05,CGD_F_ESP_2410_97,
PAIR_0066,2613,3140,nuria rodriguez hernandez,claudia rodriguez gomez,1977-03-26,1977-03-26,F,F,631116975,629881465,nuria.rodriguez.000212@gmail.com,claudia.rodriguez.002101@gmail.com,espana,espana,NRH_F_ESP_2906_47,CRG_F_ESP_2902_74,
PAIR_0067,1779,2613,claudia rodriguez gomez,nuria rodriguez hernandez,1977-03-26,1977-03-26,F,F,629881465,631116975,,nuria.rodriguez.000212@gmail.com,espana,espana,CRG_F_ESP_2909_13,NRH_F_ESP_2906_47,
PAIR_0068,3140,4438,claudia rodriguez gomez,nuria rodriguez hernandez,1977-03-26,1977-03-26,F,F,629881465,631116975,claudia.rodriguez.002101@gmail.com,,espana,espana,CRG_F_ESP_2902_74,NRH_F_ESP_2308_05,
PAIR_0069,1779,4438,claudia rodriguez gomez,nuria rodriguez hernandez,1977-03-26,1977-03-26,F,F,629881465,631116975,,,espana,espana,CRG_F_ESP_2909_13,NRH_F_ESP_2308_05,
PAIR_0070,1120,3140,nuria rodriguez hernandez,claudia rodriguez gomez,1977-03-26,1977-03-26,F,F,631116975,629881465,,claudia.rodriguez.002101@gmail.com,espana,espana,NRH_F_ESP_0910_21,CRG_F_ESP_2902_74,
PAIR_0071,1779,3231,claudia rodriguez gomez,nuria rodriguez hernandez,1977-03-26,1977-03-26,F,F,629881465,631116975,,nuria.rodriguez.000212@gmail.com,espana,espana,CRG_F_ESP_2909_13,NRH_F_ESP_1405_65,
PAIR_0072,3140,3231,claudia rodriguez gomez,nuria rodriguez hernandez,1977-03-26,1977-03-26,F,F,629881465,631116975,claudia.rodriguez.002101@gmail.com,nuria.rodriguez.000212@gmail.com,espana,espana,CRG_F_ESP_2902_74,NRH_F_ESP_1405_65,
PAIR_0073,1120,1779,nuria rodriguez hernandez,claudia rodriguez gomez,1977-03-26,1977-03-26,F,F,631116975,629881465,,,espana,espana,NRH_F_ESP_0910_21,CRG_F_ESP_2909_13,
PAIR_0074,1125,3877,i lopez sanchez,isabel lopez fernandez,1981-12-23,1981-12-23,F,F,685041702,678022448,isabel.lopez.000883@outlook.com,isabel.lopez.001138@hospitalmail.com,espana,espana,ILS_F_ESP_0908_26,ILF_F_ESP_2810_44,
PAIR_0075,2163,3877,isabel lopez sanchez,isabel lopez fernandez,1981-12-23,1981-12-23,F,F,34685041702,678022448,isabel.lopez.000883@outlook.com,isabel.lopez.001138@hospitalmail.com,espana,espana,ILS_F_ESP_2206_97,ILF_F_ESP_2810_44,
PAIR_0076,1587,2767,daniel sanchez gomez,daniel sanchez,2024-08-18,2024-08-18,M,M,34633889989,633889989,,daniel.sanchez.001996@outlook.com,espana,espana,DSG_M_ESP_2705_88,DSG_M_ESP_3011_01,
PAIR_0077,3475,3950,carlos gomez gomez,carlos gomez,1958-12-15,1958-12-15,M,M,,680455693,carlos.gomez.001529@outlook.com,,espana,espana,CGG_M_ESP_1603_42,CGG_M_ESP_1609_17,
PAIR_0078,1339,3211,manuel fernandez martinez,manuel fernandez,1983-05-27,1983-05-27,M,M,,34643321984,,manuel.fernandez.000555@mail.com,espana,espana,MFM_M_ESP_2604_40,MFM_M_ESP_2705_45,
PAIR_0079,1355,3341,claudia gomez,claudia gomez fernandez,1984-08-01,1984-08-01,F,F,680288373,34680288373,claudia.gomez.000644@outlook.com,,espana,espana,CGF_F_ESP_0704_56,CGF_F_ESP_0708_08,
PAIR_0080,1394,3773,daniel fernandez,daniel fernandez lopez,1952-03-23,1952-03-23,M,M,34621153388,621153388,,,espana,espana,DFL_M_ESP_0209_95,DFL_M_ESP_0509_40,
PAIR_0081,1767,3191,carmen sanchez jimenez,carmen sanchez,1965-08-21,1965-08-21,F,F,,638979577,,carmen.sanchez.001179@mail.com,espana,espana,CSJ_F_ESP_1712_01,CSJ_F_ESP_1001_25,
PAIR_0082,1432,1767,carmen sanchez,carmen sanchez jimenez,1965-08-21,1965-08-21,F,F,638979577,,carmen.sanchez.001179@mail.com,,espana,espana,CSJ_F_ESP_0912_33,CSJ_F_ESP_1712_01,
PAIR_0083,1438,1917,miguel lopez,miguel lopez garcia,1958-11-28,1958-11-28,M,M,34696715769,696715769,,miguel.lopez.000432@mail.com,espana,espana,MLG_M_ESP_0809_39,MLG_M_ESP_0208_51,
PAIR_0084,1483,4235,paula martinez,paula martinez ruiz,1941-08-26,1941-08-26,F,F,34638125903,638125903,paula.martinez.001898@hospitalmail.com,,espana,espana,PMR_F_ESP_2105_84,PMR_F_ESP_2810_02,
PAIR_0085,2019,3249,carmen hernandez,c hernandez perez,1940-02-20,1940-02-20,F,F,684776955,684776,,carmen.hernandez.000238@gmail.com,espana,espana,CHP_F_ESP_2108_53,CHP_F_ESP_1007_83,
PAIR_0086,2019,3315,carmen hernandez,carmen hernandez perez,1940-02-20,1940-02-20,F,F,684776955,684776,,carmen.hernandez.000238@gmail.com,espana,espana,CHP_F_ESP_2108_53,CHP_F_ESP_0712_49,
PAIR_0087,1566,2257,javier lopez,javier lopez jimenez,1972-03-27,1972-03-27,M,M,686597955,34686597955,javier.lopez.000138@mail.com,,espana,espana,JLJ_M_ESP_0405_67,JLJ_M_ESP_1902_91,
PAIR_0088,1586,4475,sara perez gomez,sara perez,1976-04-05,1976-04-05,F,F,6837945,683794529,sara.perez.000326@gmail.com,,espana,espana,SPG_F_ESP_1204_87,SPG_F_ESP_0401_42,
PAIR_0089,1603,3865,d sanchez hernandez,daniel snchez hernandez,1990-10-03,1990-10-03,M,M,634531138,34634531138,,daniel.sanchez.001911@mail.com,espana,espana,DSH_M_ESP_2508_04,DSH_M_ESP_2008_32,
PAIR_0090,1610,4947,sergio martin jimenez,carlos fernandez jimenez,1972-10-04,1972-10-04,M,M,697645599,669718739,sergio.martin.001085@outlook.com,carlos.fernandez.000161@hospitalmail.com,espana,espana,SMJ_M_ESP_0608_11,CFJ_M_ESP_0805_14,
PAIR_0091,1614,1699,rafael gomez gomez,rafael lopez gomez,1944-08-12,1944-08-12,M,M,686059721,34600257744,rafael.gomez.001665@gmail.com,rafael.lopez.001406@hospitalmail.com,espana,espana,RGG_M_ESP_0511_15,RLG_M_ESP_0403_33,
PAIR_0092,1614,3433,rafael gomez gomez,rafael lopez,1944-08-12,1944-08-12,M,M,686059721,600257744,rafael.gomez.001665@gmail.com,rafael.lopez.001406@hospitalmail.com,espana,espana,RGG_M_ESP_0511_15,RLG_M_ESP_1511_00,
PAIR_0093,3433,3823,rafael lopez,rafael gomez gomez,1944-08-12,1944-08-12,M,M,600257744,6860597,rafael.lopez.001406@hospitalmail.com,rafael.gomez.001665@gmail.com,espana,espana,RLG_M_ESP_1511_00,RGG_M_ESP_0408_90,
PAIR_0094,1699,3823,rafael lopez gomez,rafael gomez gomez,1944-08-12,1944-08-12,M,M,34600257744,6860597,rafael.lopez.001406@hospitalmail.com,rafael.gomez.001665@gmail.com,espana,espana,RLG_M_ESP_0403_33,RGG_M_ESP_0408_90,
PAIR_0095,1681,3767,alvaro perez,alvaro perez gomez,1954-03-09,1954-03-09,M,M,638886129,63888612,alvaro.perez.002129@hospitalmail.com,,espana,espana,APG_M_ESP_3009_15,APG_M_ESP_0809_34,
PAIR_0096,1741,4669,claudia lopez,claudia lopez martin,1942-07-19,1942-07-19,F,F,664544094,34664544094,claudia.lopez.002093@outlook.com,,espana,espana,CLM_F_ESP_0602_75,CLM_F_ESP_2105_36,
PAIR_0097,1776,2729,marta ruiz,marta ruiz sanchez,2024-06-11,2024-06-11,F,F,637311,637311516,marta.ruiz.001044@outlook.com,,espana,espana,MRS_F_ESP_0301_10,MRS_F_ESP_1708_63,
PAIR_0098,1776,2010,marta ruiz,marta ruiz sanchez,2024-06-11,2024-06-11,F,F,637311,34637311516,marta.ruiz.001044@outlook.com,,espana,espana,MRS_F_ESP_0301_10,MRS_F_ESP_1103_44,
PAIR_0099,1824,2161,nuria lopez,nuria lopez perez,1974-04-28,1974-04-28,F,F,683685811,,nuria.lopez.002085@mail.com,,espana,espana,NLP_F_ESP_0104_58,NLP_F_ESP_1504_95,
PAIR_0100,1852,2341,carlos fernandez,carlos fernandez martinez,2009-09-28,2009-09-28,M,M,681538973,34681538973,,,espana,espana,CFM_M_ESP_1401_86,CFM_M_ESP_2112_75,
PAIR_0101,1932,2944,nuria lopez sanchez,nuria lopz sanchez,1975-08-12,1975-08-12,F,F,34697336043,697336043,,nuria.lopez.001907@mail.com,espana,espana,NLS_F_ESP_0801_66,NLS_F_ESP_1701_78,
PAIR_0102,1938,2032,carmen gomez,carmen gomez garcia,2023-01-22,2023-01-22,F,F,34665726572,665726572,carmen.gomez.000530@gmail.com,,espana,espana,CGG_F_ESP_0205_72,CGG_F_ESP_1603_66,
PAIR_0103,2079,4175,carlos perez sanchez,carlos perez,2002-02-02,2002-02-02,M,M,34639084374,639084374,,carlos.perez.000329@outlook.com,espana,espana,CPS_M_ESP_2012_13,CPS_M_ESP_2912_42,
PAIR_0104,2294,4183,alejandro lopez diaz,alejandro lopez,2011-10-14,2011-10-14,M,M,34652868717,665605859,alejandro.lopez.001119@hospitalmail.com,alejandro.lopez.002139@mail.com,espana,espana,ALD_M_ESP_0401_28,ALS_M_ESP_0303_50,
PAIR_0105,2358,3031,carlos sanchez,carlos sanchez,1961-02-18,1961-02-18,M,M,673882869,34673882869,,carlos.sanchez.001559@outlook.com,espana,espana,CSR_M_ESP_3108_92,CSR_M_ESP_2206_65,
PAIR_0106,4710,4764,sergio fernandez fernandez,sergio fernandez,1982-02-03,1982-02-03,M,M,606435152,34606435152,,sergio.fernandez.001499@outlook.com,espana,espana,SFF_M_ESP_1502_77,SFF_M_ESP_1411_31,
PAIR_0107,3929,4131,alvaro perez garcia,alvaro perez,1988-10-04,1988-10-04,M,M,627105414,34627105414,,alvaro.perez.000472@outlook.com,espana,espana,APG_M_ESP_0606_96,APG_M_ESP_0310_98,
PAIR_0108,3811,4309,antonio ruiz perez,antonio ruiz,1988-03-20,1988-03-20,M,M,34693097502,693097502,antonio.ruiz.001039@gmail.com,,espana,espana,ARP_M_ESP_2906_78,ARP_M_ESP_0908_76,
PAIR_0109,5374,9270,joseph jones anderson,joseph wilson brown,2004-11-20,2004-11-20,M,M,12022829390,2026642628,joseph.jones.001254@outlook.com,joseph.wilson.001715@outlook.com,estados_unidos,estados_unidos,JJA_M_USA_1208_75,JWB_M_USA_0902_37,
PAIR_0110,7014,9270,joseph jones anderson,joseph wilson brown,2004-11-20,2004-11-20,M,M,2022829390,2026642628,joseph.jones.001254@outlook.com,joseph.wilson.001715@outlook.com,estados_unidos,estados_unidos,JJA_M_USA_1006_48,JWB_M_USA_0902_37,
PAIR_0111,5017,9270,joseph jones anderson,joseph wilson brown,2004-11-20,2004-11-20,M,M,2022829390,2026642628,joseph.jones.001254@outlook.com,joseph.wilson.001715@outlook.com,estados_unidos,estados_unidos,JJA_M_USA_0210_18,JWB_M_USA_0902_37,
PAIR_0112,5041,5489,charles anderson martinez,charles anderson,1951-11-25,1951-11-25,M,M,12025672408,2025672408,charles.anderson.002174@hospitalmail.com,,estados_unidos,estados_unidos,CAM_M_USA_0101_42,CAM_M_USA_0608_90,
PAIR_0113,7369,8576,sarah miller,sarah miller williams,2018-10-05,2018-10-05,F,F,2025294835,202529483,,sarah.miller.000435@hospitalmail.com,estados_unidos,estados_unidos,SMW_F_USA_0405_03,SMW_F_USA_3001_43,
PAIR_0114,7369,8508,sarah miller,sarah miller williams,2018-10-05,2018-10-05,F,F,2025294835,,,sarah.miller.000435@hospitalmail.com,estados_unidos,estados_unidos,SMW_F_USA_0405_03,SMW_F_USA_1702_75,
PAIR_0115,7255,7369,sarah miller williams,sarah miller,2018-10-05,2018-10-05,F,F,12025294835,2025294835,sarah.miller.000435@hospitalmail.com,,estados_unidos,estados_unidos,SMW_F_USA_0410_89,SMW_F_USA_0405_03,
PAIR_0116,5142,8075,robert davis,robert davis rodriguez,1992-12-29,1992-12-29,M,M,2028594267,,,,estados_unidos,estados_unidos,RDR_M_USA_1012_43,RDR_M_USA_2706_09,
PAIR_0117,5667,6426,susan garcia moore,susan gacia moore,1977-01-31,1977-01-31,F,F,2029009802,12029009802,,,estados_unidos,estados_unidos,SGM_F_USA_1811_68,SGM_F_USA_3009_27,
PAIR_0118,5103,5528,jessica wilson martinez,jessica wilson,1967-11-07,1967-11-07,F,F,2029257527,2021178427,jessica.wilson.000636@hospitalmail.com,jessica.wilson.000077@gmail.com,estados_unidos,estados_unidos,JWM_F_USA_2903_04,JWM_F_USA_0103_29,
PAIR_0119,5101,6345,patricia wilson,patricia wilson martinez,1989-06-29,1989-06-29,F,F,2020102081,12020102081,patricia.wilson.000571@outlook.com,,estados_unidos,estados_unidos,PWM_F_USA_0507_02,PWM_F_USA_0703_46,
PAIR_0120,5136,7575,michael wilson,michael wilson wilson,1985-09-14,1985-09-14,M,M,2026974702,12026974702,,michael.wilson.000660@mail.com,estados_unidos,estados_unidos,MWW_M_USA_2711_37,MWW_M_USA_2001_09,
PAIR_0121,8480,9868,nancy williams,nancy williams taylor,1995-11-25,1995-11-25,F,F,2029092,2029092450,,,estados_unidos,estados_unidos,NWT_F_USA_2307_47,NWT_F_USA_0610_35,
PAIR_0122,7322,8480,nancy williams taylor,nancy williams,1995-11-25,1995-11-25,F,F,2029092450,2029092,,,estados_unidos,estados_unidos,NWT_F_USA_2105_56,NWT_F_USA_2307_47,
PAIR_0123,5169,9574,john taylor garcia,john tylor garcia,1980-11-20,1980-11-20,M,M,12025031741,2022273522,john.taylor.001161@mail.com,john.taylor.000760@outlook.com,estados_unidos,estados_unidos,JTG_M_USA_3110_70,JTG_M_USA_0601_41,
PAIR_0124,5582,9671,susan williams,susan williams rodriguez,2005-02-03,2005-02-03,F,F,2020882558,,,susan.williams.001598@gmail.com,estados_unidos,estados_unidos,SWR_F_USA_0707_83,SWR_F_USA_0710_38,
PAIR_0125,5201,9866,sarah smith,sarah smith taylor,1976-10-18,1976-10-18,F,F,12022082047,2022082047,sarah.smith.000110@gmail.com,,estados_unidos,estados_unidos,SST_F_USA_2603_02,SST_F_USA_1001_33,
PAIR_0126,8635,9554,elizabeth garcia,elizabeth garcia miller,1979-09-30,1979-09-30,F,F,12027727815,2027727815,elizabeth.garcia.000420@hospitalmail.com,,estados_unidos,estados_unidos,EGM_F_USA_1001_02,EGM_F_USA_0204_21,
PAIR_0127,5776,9688,george brown rodriguez,george brown,1993-03-23,1993-03-23,M,M,2020367992,2020367,,george.brown.001493@outlook.com,estados_unidos,estados_unidos,GBR_M_USA_2910_77,GBR_M_USA_2411_55,
PAIR_0128,6367,8723,michael taylor,michael taylor davis,1935-05-04,1935-05-04,M,M,2025632960,202563296,michael.taylor.001809@outlook.com,,estados_unidos,estados_unidos,MTD_M_USA_2011_68,MTD_M_USA_1603_90,
PAIR_0129,5276,7681,david miler garcia,d miller garcia,1954-07-26,1954-07-26,M,M,12028186260,2028186260,david.miller.000203@hospitalmail.com,,estados_unidos,estados_unidos,DMG_M_USA_0208_77,DMG_M_USA_0211_15,
PAIR_0130,6227,8920,laura miller miller,laura martinez,1941-11-04,1941-11-04,F,F,2026457247,2027255157,laura.miller.000058@hospitalmail.com,laura.martinez.000605@hospitalmail.com,estados_unidos,estados_unidos,LMM_F_USA_1301_28,LMD_F_USA_2109_87,
PAIR_0131,5278,6227,laura martinez davis,laura miller miller,1941-11-04,1941-11-04,F,F,2027255157,2026457247,laura.martinez.000605@hospitalmail.com,laura.miller.000058@hospitalmail.com,estados_unidos,estados_unidos,LMD_F_USA_2110_79,LMM_F_USA_1301_28,
PAIR_0132,5315,7608,robert wilson wilson,robert wilson,1982-11-13,1982-11-13,M,M,12029581317,2029581317,,robert.wilson.002100@gmail.com,estados_unidos,estados_unidos,RWW_M_USA_1206_16,RWW_M_USA_1004_42,
PAIR_0133,6554,7321,s taylor jones,sarah taylr jones,1984-10-07,1984-10-07,F,F,2028953236,12028953236,sarah.taylor.001459@mail.com,,estados_unidos,estados_unidos,STJ_F_USA_2909_55,STJ_F_USA_2206_55,
PAIR_0134,5383,9483,thomas johnson,thomas johnson miller,1986-09-13,1986-09-13,M,M,12027231511,2027231511,,thomas.johnson.001663@hospitalmail.com,estados_unidos,estados_unidos,TJM_M_USA_0512_84,TJM_M_USA_1605_50,
PAIR_0135,7308,9755,karen wilson williams,karen wilson,2004-07-21,2004-07-21,F,F,12021410657,2021410657,karen.wilson.000254@mail.com,,estados_unidos,estados_unidos,KWW_F_USA_2003_42,KWW_F_USA_1208_22,
PAIR_0136,5452,6795,sarah martinez williams,sarah martinez,1953-09-02,1953-09-02,F,F,12023601520,2023601520,sarah.martinez.000384@mail.com,,estados_unidos,estados_unidos,SMW_F_USA_0402_53,SMW_F_USA_1606_29,
PAIR_0137,5498,9079,daniel williams,daniel williams wilson,1997-12-06,1997-12-06,M,M,,,,daniel.williams.000755@gmail.com,estados_unidos,estados_unidos,DWW_M_USA_1204_99,DWW_M_USA_1505_46,
PAIR_0138,5498,7498,daniel williams,daniel williams wilson,1997-12-06,1997-12-06,M,M,,2024794120,,daniel.williams.000755@gmail.com,estados_unidos,estados_unidos,DWW_M_USA_1204_99,DWW_M_USA_2703_32,
PAIR_0139,5529,8022,david taylor,david taylor moore,1990-10-10,1990-10-10,M,M,2026128855,12026128855,david.taylor.001335@gmail.com,,estados_unidos,estados_unidos,DTM_M_USA_0209_30,DTM_M_USA_2904_56,
PAIR_0140,9213,9638,jessica brown martinez,jessica brown,1964-01-21,1964-01-21,F,F,12028167868,2028167868,jessica.brown.000309@outlook.com,,estados_unidos,estados_unidos,JBM_F_USA_2107_80,JBM_F_USA_2601_05,
PAIR_0141,8265,9160,nancy taylor,nancy taylor wilson,1964-04-11,1964-04-11,F,F,2029836219,12029836219,,,estados_unidos,estados_unidos,NTW_F_USA_1007_99,NTW_F_USA_1506_27,
PAIR_0142,6839,9113,elizabeth davis,elizabeth davis wilson,1976-11-08,1976-11-08,F,F,2028958724,12025767493,,elizabeth.davis.001621@hospitalmail.com,estados_unidos,estados_unidos,EDW_F_USA_0509_73,EDW_F_USA_1312_80,
PAIR_0143,5580,6839,elizabeth davis wilson,elizabeth davis,1976-11-08,1976-11-08,F,F,20289587,2028958724,elizabeth.davis.000834@outlook.com,,estados_unidos,estados_unidos,EDW_F_USA_1312_81,EDW_F_USA_0509_73,
PAIR_0144,6962,8177,joseph more brown,joseph moore brown,2008-12-21,2008-12-21,M,M,2028529904,12028529904,,joseph.moore.000116@mail.com,estados_unidos,estados_unidos,JMB_M_USA_0706_96,JMB_M_USA_0710_11,
PAIR_0145,6962,7568,joseph more brown,joseph moore,2008-12-21,2008-12-21,M,M,2028529904,12028529904,,joseph.moore.000116@mail.com,estados_unidos,estados_unidos,JMB_M_USA_0706_96,JMB_M_USA_0208_02,
PAIR_0146,5584,7568,joseph moore brown,joseph moore,2008-12-21,2008-12-21,M,M,2028529904,12028529904,,joseph.moore.000116@mail.com,estados_unidos,estados_unidos,JMB_M_USA_1108_85,JMB_M_USA_0208_02,
PAIR_0147,5686,5902,charles smith,charles smith rodriguez,1942-04-17,1942-04-17,M,M,2023817567,,charles.smith.001139@gmail.com,,estados_unidos,estados_unidos,CSR_M_USA_1205_87,CSR_M_USA_1104_03,
PAIR_0148,5719,9393,emily moore taylor,emily mooe taylor,2002-11-02,2002-11-02,F,F,2025863920,20258639,,emily.moore.001781@hospitalmail.com,estados_unidos,estados_unidos,EMT_F_USA_0310_20,EMT_F_USA_0304_60,
PAIR_0149,5766,7571,charles moore taylor,charles moore,1969-12-30,1969-12-30,M,M,2029283615,,,charles.moore.000836@gmail.com,estados_unidos,estados_unidos,CMT_M_USA_2601_67,CMT_M_USA_1205_05,
PAIR_0150,8008,9288,james williams,james williams martinez,1990-03-30,1990-03-30,M,M,12022871779,20228717,james.williams.002043@outlook.com,,estados_unidos,estados_unidos,JWM_M_USA_2503_42,JWM_M_USA_0806_55,
PAIR_0151,5782,7650,george jhnson anderson,george johnson anderson,1994-09-15,1994-09-15,M,M,12026606440,2026606440,,george.johnson.001177@hospitalmail.com,estados_unidos,estados_unidos,GJA_M_USA_3105_83,GJA_M_USA_1902_84,
PAIR_0152,5782,9629,george jhnson anderson,george johnson anderson,1994-09-15,1994-09-15,M,M,12026606440,2026606440,,george.johnson.001177@hospitalmail.com,estados_unidos,estados_unidos,GJA_M_USA_3105_83,GJA_M_USA_2102_96,
PAIR_0153,5809,5976,robert martinez,robert martinez martinez,1997-07-18,1997-07-18,M,M,12026264735,2026264735,robert.martinez.001591@outlook.com,,estados_unidos,estados_unidos,RMM_M_USA_0901_10,RMM_M_USA_1801_77,
PAIR_0154,5857,7541,thomas jones,t jones davis,1962-04-23,1962-04-23,M,M,,2021007856,thomas.jones.001601@hospitalmail.com,,estados_unidos,estados_unidos,TJD_M_USA_3108_58,TJD_M_USA_2402_75,
PAIR_0155,5869,6841,john taylor garcia,john taylor,1963-03-03,1963-03-03,M,M,12022273522,2025031,john.taylor.000760@outlook.com,john.taylor.001161@mail.com,estados_unidos,estados_unidos,JTG_M_USA_0511_70,JTG_M_USA_1407_75,
PAIR_0156,5906,8277,sarah miller,sarah miller jones,1965-03-12,1965-03-12,F,F,12027199790,2027199,,sarah.miller.001389@outlook.com,estados_unidos,estados_unidos,SMJ_F_USA_0610_07,SMJ_F_USA_0811_11,
PAIR_0157,5957,8527,michael taylor,michael taylor anderson,2012-12-07,2012-12-07,M,M,12021154889,2021154889,michael.taylor.000273@gmail.com,,estados_unidos,estados_unidos,MTA_M_USA_1501_58,MTA_M_USA_1302_94,
PAIR_0158,5957,8915,michael taylor,michael taylor,2012-12-07,2012-12-07,M,M,12021154889,2021154889,michael.taylor.000273@gmail.com,,estados_unidos,estados_unidos,MTA_M_USA_1501_58,MTA_M_USA_1210_82,
PAIR_0159,5995,9431,karen brown davis,karen brown,1987-03-11,1987-03-11,F,F,2022709,12022709750,,karen.brown.001864@hospitalmail.com,estados_unidos,estados_unidos,KBD_F_USA_0709_96,KBD_F_USA_0712_98,
PAIR_0160,6898,8034,elizabeth brown,elizabeth brown brown,1950-03-16,1950-03-16,F,F,12021961238,2021961238,elizabeth.brown.000647@hospitalmail.com,,estados_unidos,estados_unidos,EBB_F_USA_1201_32,EBB_F_USA_2403_68,
PAIR_0161,9238,9486,charles rodriguez johnson,charles rodriguez,1960-04-28,1960-04-28,M,M,12021196621,2021196621,,,estados_unidos,estados_unidos,CRJ_M_USA_0601_05,CRJ_M_USA_0906_53,
PAIR_0162,6092,9403,james taylor,james taylor johnson,1995-07-09,1995-07-09,M,M,12023422066,2023422066,james.taylor.002031@hospitalmail.com,,estados_unidos,estados_unidos,JTJ_M_USA_1608_93,JTJ_M_USA_1604_70,
PAIR_0163,6100,9893,george wilson davis,george wlson davis,2017-07-22,2017-07-22,M,M,12029543172,2029543172,george.wilson.001011@gmail.com,,estados_unidos,estados_unidos,GWD_M_USA_1106_01,GWD_M_USA_2110_60,
PAIR_0164,6256,8625,linda grcia williams,linda garcia williams,1990-01-29,1990-01-29,F,F,2024766788,,linda.garcia.001370@hospitalmail.com,,estados_unidos,estados_unidos,LGW_F_USA_1808_57,LGW_F_USA_2711_92,
PAIR_0165,6147,8792,sarah miller williams,sarah miller,1955-09-16,1955-09-16,F,F,12026675871,,sarah.miller.001003@gmail.com,,estados_unidos,estados_unidos,SMW_F_USA_1409_48,SMW_F_USA_1310_59,
PAIR_0166,6173,9961,jennifer rodriguez johnson,jessica johnson johnson,1992-09-28,1992-09-28,F,F,2022653649,2025934302,jennifer.rodriguez.001314@gmail.com,jessica.johnson.001689@outlook.com,estados_unidos,estados_unidos,JRJ_F_USA_0306_74,JJJ_F_USA_0606_28,
PAIR_0167,6173,9730,jennifer rodriguez johnson,jessica johnson johnson,1992-09-28,1992-09-28,F,F,2022653649,2025934302,jennifer.rodriguez.001314@gmail.com,jessica.johnson.001689@outlook.com,estados_unidos,estados_unidos,JRJ_F_USA_0306_74,JJJ_F_USA_0904_97,
PAIR_0168,8182,9650,michael jones miller,michael jones,1961-06-22,1961-06-22,M,M,202239334,2022393347,,michael.jones.002072@mail.com,estados_unidos,estados_unidos,MJM_M_USA_0204_16,MJM_M_USA_0109_17,
PAIR_0169,6640,8446,james brown,james brown martinez,1956-05-10,1956-05-10,M,M,2022949172,12022949172,james.brown.001576@gmail.com,,estados_unidos,estados_unidos,JBM_M_USA_3009_41,JBM_M_USA_2004_13,
PAIR_0170,6325,8060,laura miller,laura miller wilson,1967-04-06,1967-04-06,F,F,12020283373,,laura.miller.000063@hospitalmail.com,,estados_unidos,estados_unidos,LMW_F_USA_1503_26,LMW_F_USA_2211_94,
PAIR_0171,7842,8514,david smith miller,david smith,1970-04-22,1970-04-22,M,M,2028850446,,david.smith.000314@mail.com,,estados_unidos,estados_unidos,DSM_M_USA_2306_76,DSM_M_USA_1504_81,
PAIR_0172,6883,8514,david smith miller,david smith,1970-04-22,1970-04-22,M,M,2028850446,,david.smith.000314@mail.com,,estados_unidos,estados_unidos,DSM_M_USA_2603_17,DSM_M_USA_1504_81,
PAIR_0173,6332,8514,david smith miller,david smith,1970-04-22,1970-04-22,M,M,2028850446,,david.smith.000314@mail.com,,estados_unidos,estados_unidos,DSM_M_USA_0707_33,DSM_M_USA_1504_81,
PAIR_0174,7180,7258,william taylor davis,william taylor,1978-10-06,1978-10-06,M,M,12022253835,2022253835,william.taylor.001357@hospitalmail.com,,estados_unidos,estados_unidos,WTD_M_USA_0302_14,WTD_M_USA_1907_92,
PAIR_0175,6443,8269,p johnson wilson,patricia jhnson wilson,2007-03-14,2007-03-14,F,F,20214823,2021482306,patricia.johnson.001258@gmail.com,,estados_unidos,estados_unidos,PJW_F_USA_0506_44,PJW_F_USA_1408_03,
PAIR_0176,6588,8269,p johnson wilson,patricia jhnson wilson,2007-03-14,2007-03-14,F,F,,2021482306,,,estados_unidos,estados_unidos,PJW_F_USA_2301_89,PJW_F_USA_1408_03,
PAIR_0177,6444,8973,jessica williams smith,jessica williams,1991-12-18,1991-12-18,F,F,2024757675,2024757,,jessica.williams.000770@mail.com,estados_unidos,estados_unidos,JWS_F_USA_2806_45,JWS_F_USA_0610_40,
PAIR_0178,6489,7019,john jones,john jones miller,1978-11-06,1978-11-06,M,M,2026108842,12026108842,john.jones.000746@outlook.com,,estados_unidos,estados_unidos,JJM_M_USA_1807_90,JJM_M_USA_0603_53,
PAIR_0179,6518,7855,charles jones,charles jones jones,1947-05-28,1947-05-28,M,M,2021926620,2028418689,charles.jones.000532@gmail.com,charles.jones.001025@gmail.com,estados_unidos,estados_unidos,CJJ_M_USA_2208_19,CJJ_M_USA_0512_89,
PAIR_0180,6574,7760,robert taylor jones,robert taylor,1978-06-12,1978-06-12,M,M,12026114084,2026114084,,robert.taylor.000649@outlook.com,estados_unidos,estados_unidos,RTJ_M_USA_2001_75,RTJ_M_USA_1601_94,
PAIR_0181,6596,7914,joseph brown,joseph brown garcia,1974-09-06,1974-09-06,M,M,12025631284,2025631284,,joseph.brown.001065@mail.com,estados_unidos,estados_unidos,JBG_M_USA_0405_97,JBG_M_USA_0606_48,
PAIR_0182,6625,6947,george wilson moore,george wilson,1955-05-17,1955-05-17,M,M,2023761,2023761715,george.wilson.000619@gmail.com,,estados_unidos,estados_unidos,GWM_M_USA_2410_26,GWM_M_USA_0303_81,
PAIR_0183,6947,8103,george wilson,george wilson moore,1955-05-17,1955-05-17,M,M,2023761715,,,george.wilson.000619@gmail.com,estados_unidos,estados_unidos,GWM_M_USA_0303_81,GWM_M_USA_0203_37,
PAIR_0184,6706,7564,emily davis,emily davis davis,1947-03-26,1947-03-26,F,F,2027288452,12027288452,,emily.davis.000001@hospitalmail.com,estados_unidos,estados_unidos,EDD_F_USA_0612_40,EDD_F_USA_2710_98,
PAIR_0185,8258,9531,laura williams taylor,laura williams,2004-09-16,2004-09-16,F,F,2022779557,,,laura.williams.002212@outlook.com,estados_unidos,estados_unidos,LWT_F_USA_1308_92,LWT_F_USA_1508_98,
PAIR_0186,6714,7771,john taylor miller,john taylor,1972-07-14,1972-07-14,M,M,12028265488,2028265488,,john.taylor.001189@hospitalmail.com,estados_unidos,estados_unidos,JTM_M_USA_2402_48,JTM_M_USA_2804_05,
PAIR_0187,6715,7031,joseph wilson,joseph wilson wilson,2001-02-22,2001-02-22,M,M,12023961302,2023961302,joseph.wilson.000781@gmail.com,,estados_unidos,estados_unidos,JWW_M_USA_0710_49,JWW_M_USA_2301_65,
PAIR_0188,9082,9790,anthony moore johnson,anthony moore,1963-05-04,1963-05-04,M,M,2024027324,12024027324,anthony.moore.001552@outlook.com,,estados_unidos,estados_unidos,AMJ_M_USA_2504_49,AMJ_M_USA_2008_57,
PAIR_0189,7174,9790,anthony moore johnson,anthony moore,1963-05-04,1963-05-04,M,M,2024027324,12024027324,anthony.moore.001552@outlook.com,,estados_unidos,estados_unidos,AMJ_M_USA_0806_08,AMJ_M_USA_2008_57,
PAIR_0190,6843,9790,anthony moore johnson,anthony moore,1963-05-04,1963-05-04,M,M,2024027324,12024027324,anthony.moore.001552@outlook.com,,estados_unidos,estados_unidos,AMJ_M_USA_1807_77,AMJ_M_USA_2008_57,
PAIR_0191,6922,9020,mary jones smith,mary jones,1971-12-07,1971-12-07,F,F,12025293203,2025293203,mary.jones.001043@gmail.com,,estados_unidos,estados_unidos,MJS_F_USA_2907_56,MJS_F_USA_0308_87,
PAIR_0192,7738,7965,david williams miller,david williams,1940-06-11,1940-06-11,M,M,2026663637,12026663637,david.williams.001421@gmail.com,,estados_unidos,estados_unidos,DWM_M_USA_2703_72,DWM_M_USA_1512_99,
PAIR_0193,6934,7965,david williams miller,david williams,1940-06-11,1940-06-11,M,M,,12026663637,david.williams.001421@gmail.com,,estados_unidos,estados_unidos,DWM_M_USA_0412_68,DWM_M_USA_1512_99,
PAIR_0194,6971,9546,e wilson moore,emily wlson moore,1981-10-17,1981-10-17,F,F,12022717468,2022717,,emily.wilson.001516@hospitalmail.com,estados_unidos,estados_unidos,EWM_F_USA_0707_05,EWM_F_USA_2908_13,
PAIR_0195,6975,9886,linda jones wilson,linda jones,1936-08-28,1936-08-28,F,F,,2023242955,linda.jones.000727@mail.com,,estados_unidos,estados_unidos,LJW_F_USA_0407_09,LJW_F_USA_2109_53,
PAIR_0196,7033,9942,laura more miller,l moore miller,2005-12-01,2005-12-01,F,F,12023513388,2023513388,laura.moore.001293@hospitalmail.com,,estados_unidos,estados_unidos,LMM_F_USA_1007_67,LMM_F_USA_0407_09,
PAIR_0197,7447,8485,daniel johnson,daniel johnson moore,1978-09-20,1978-09-20,M,M,12025268713,2025268713,daniel.johnson.000918@mail.com,,estados_unidos,estados_unidos,DJM_M_USA_3108_81,DJM_M_USA_1901_52,
PAIR_0198,9305,9338,robert smih brown,robert smith,2013-04-03,2013-04-03,M,M,12022455504,2022455504,,robert.smith.001068@mail.com,estados_unidos,estados_unidos,RSB_M_USA_1711_72,RSB_M_USA_1603_05,
PAIR_0199,7066,8981,emily matinez williams,emily martinez,1962-03-16,1962-03-16,F,F,12023406091,2023406091,,emily.martinez.002215@gmail.com,estados_unidos,estados_unidos,EMW_F_USA_2211_00,EMW_F_USA_1901_48,
PAIR_0200,7132,9264,karen garcia moore,laura garcia brown,1961-08-11,1961-08-11,F,F,2025413208,2026226467,karen.garcia.000239@mail.com,laura.garcia.001474@hospitalmail.com,estados_unidos,estados_unidos,KGM_F_USA_1904_66,LGB_F_USA_0811_31,
PAIR_0201,7132,8319,karen garcia moore,laura garcia brown,1961-08-11,1961-08-11,F,F,2025413208,2026226467,karen.garcia.000239@mail.com,laura.garcia.001474@hospitalmail.com,estados_unidos,estados_unidos,KGM_F_USA_1904_66,LGB_F_USA_2106_53,
PAIR_0202,8319,8408,laura garcia brown,karen garcia moore,1961-08-11,1961-08-11,F,F,2026226467,2025413208,laura.garcia.001474@hospitalmail.com,karen.garcia.000239@mail.com,estados_unidos,estados_unidos,LGB_F_USA_2106_53,KGM_F_USA_3108_75,
PAIR_0203,8408,9264,karen garcia moore,laura garcia brown,1961-08-11,1961-08-11,F,F,2025413208,2026226467,karen.garcia.000239@mail.com,laura.garcia.001474@hospitalmail.com,estados_unidos,estados_unidos,KGM_F_USA_3108_75,LGB_F_USA_0811_31,
PAIR_0204,7233,9000,daniel moore moore,daniel moore,1953-08-01,1953-08-01,M,M,202528388,12025283886,,daniel.moore.001443@mail.com,estados_unidos,estados_unidos,DMM_M_USA_1001_67,DMM_M_USA_0301_67,
PAIR_0205,8219,9472,linda smith,linda smith miller,1967-07-16,1967-07-16,F,F,202080504,2020805049,linda.smith.001292@outlook.com,,estados_unidos,estados_unidos,LSM_F_USA_1111_53,LSM_F_USA_0506_39,
PAIR_0206,7269,8219,linda smith miller,linda smith,1967-07-16,1967-07-16,F,F,2020805049,202080504,,linda.smith.001292@outlook.com,estados_unidos,estados_unidos,LSM_F_USA_1307_03,LSM_F_USA_1111_53,
PAIR_0207,9196,9518,james johnson brown,john jones moore,1983-05-28,1983-05-28,M,M,12023272737,12020863833,james.johnson.001009@outlook.com,,estados_unidos,estados_unidos,JJB_M_USA_0210_63,JJM_M_USA_2111_85,
PAIR_0208,7357,9196,john jones moore,james johnson brown,1983-05-28,1983-05-28,M,M,2020863833,12023272737,,james.johnson.001009@outlook.com,estados_unidos,estados_unidos,JJM_M_USA_1802_91,JJB_M_USA_0210_63,
PAIR_0209,7451,8668,susan johnson anderson,susan johnson,1971-05-19,1971-05-19,F,F,202822964,2028229646,susan.johnson.000797@mail.com,,estados_unidos,estados_unidos,SJA_F_USA_1906_85,SJA_F_USA_0303_35,
PAIR_0210,7501,9396,charles jones,charles jones martinez,1962-12-21,1962-12-21,M,M,2022762370,12022762370,,charles.jones.000486@hospitalmail.com,estados_unidos,estados_unidos,CJM_M_USA_2403_35,CJM_M_USA_1103_63,
PAIR_0211,7718,8381,david williams,david williams brown,1981-04-26,1981-04-26,M,M,2022600287,20226002,david.williams.001409@mail.com,,estados_unidos,estados_unidos,DWB_M_USA_0203_52,DWB_M_USA_1109_48,
PAIR_0212,7781,8751,karen davis,karen davis johnson,1989-08-29,1989-08-29,F,F,12026786473,2026786473,karen.davis.002122@mail.com,,estados_unidos,estados_unidos,KDJ_F_USA_1801_15,KDJ_F_USA_1710_18,
PAIR_0213,8059,8334,mary anderson johnson,mary anderson,1938-01-28,1938-01-28,F,F,12029517120,2029517120,,mary.anderson.000897@hospitalmail.com,estados_unidos,estados_unidos,MAJ_F_USA_1211_93,MAJ_F_USA_1612_01,
PAIR_0214,9765,9972,t johnson taylor,thomas johnsn taylor,1981-02-04,1981-02-04,M,M,12024832814,2024832814,,thomas.johnson.000422@outlook.com,estados_unidos,estados_unidos,TJT_M_USA_1006_32,TJT_M_USA_1809_39,
PAIR_0215,8731,9911,karen garcia,karen garcia rodriguez,1997-12-18,1997-12-18,F,F,202762774,2027627,karen.garcia.001438@outlook.com,,estados_unidos,estados_unidos,KGR_F_USA_3009_98,KGR_F_USA_1805_78,
PAIR_0216,8914,9986,jessica anderson,jessica anderson williams,1988-02-28,1988-02-28,F,F,2026440720,12026440720,jessica.anderson.002157@mail.com,,estados_unidos,estados_unidos,JAW_F_USA_0904_81,JAW_F_USA_2108_53,
PAIR_0217,9581,9813,anthony moore martinez,anthony moore,1961-01-05,1961-01-05,M,M,2029413,2029413029,anthony.moore.000752@outlook.com,,estados_unidos,estados_unidos,AMM_M_USA_2801_48,AMM_M_USA_1605_80,
PAIR_0218,9584,9813,anthony moore martinez,anthony moore,1961-01-05,1961-01-05,M,M,20294130,2029413029,anthony.moore.000752@outlook.com,,estados_unidos,estados_unidos,AMM_M_USA_2802_51,AMM_M_USA_1605_80,
PAIR_0219,9617,9842,robert jones,robert jones davis,1943-08-26,1943-08-26,M,M,2026524749,12026662645,robert.jones.002014@mail.com,robert.jones.000575@outlook.com,estados_unidos,estados_unidos,RJJ_M_USA_1309_84,RJD_M_USA_1701_09,
PAIR_0220,10035,14135,miguel rodriguez martinez,miguel perez sanchez,1985-02-13,1985-02-13,M,M,5531607360,525501782847,miguel.rodriguez.000072@gmail.com,miguel.perez.001187@mail.com,mexico,mexico,MRM_M_MEX_3003_36,MPS_M_MEX_0609_02,
PAIR_0221,10035,13254,miguel rodriguez martinez,miguel perez sanchez,1985-02-13,1985-02-13,M,M,5531607360,5501782847,miguel.rodriguez.000072@gmail.com,miguel.perez.001187@mail.com,mexico,mexico,MRM_M_MEX_3003_36,MPS_M_MEX_2211_88,
PAIR_0222,11749,14135,miguel rodriguez martinez,miguel perez sanchez,1985-02-13,1985-02-13,M,M,525531607360,525501782847,miguel.rodriguez.000072@gmail.com,miguel.perez.001187@mail.com,mexico,mexico,MRM_M_MEX_2503_83,MPS_M_MEX_0609_02,
PAIR_0223,11749,13254,miguel rodriguez martinez,miguel perez sanchez,1985-02-13,1985-02-13,M,M,525531607360,5501782847,miguel.rodriguez.000072@gmail.com,miguel.perez.001187@mail.com,mexico,mexico,MRM_M_MEX_2503_83,MPS_M_MEX_2211_88,
PAIR_0224,10049,13111,lucia castillo,lucia castillo rodriguez,1967-12-15,1967-12-15,F,F,5517507057,551750705,,lucia.castillo.000903@mail.com,mexico,mexico,LCR_F_MEX_2109_50,LCR_F_MEX_0203_45,
PAIR_0225,10049,10605,lucia castillo,lucia castillo,1967-12-15,1967-12-15,F,F,5517507057,525517507057,,lucia.castillo.000903@mail.com,mexico,mexico,LCR_F_MEX_2109_50,LCR_F_MEX_1705_06,
PAIR_0226,10055,14788,g ramirez castillo,gabriela ramiez castillo,1977-08-11,1977-08-11,F,F,5532575215,525532575215,,gabriela.ramirez.000277@outlook.com,mexico,mexico,GRC_F_MEX_0410_56,GRC_F_MEX_1108_55,
PAIR_0227,11914,14785,maria perez,maria perez sanchez,1999-06-09,1999-06-09,F,F,525576109052,5576109052,,maria.perez.000184@mail.com,mexico,mexico,MPS_F_MEX_0110_48,MPS_F_MEX_0807_52,
PAIR_0228,10107,14000,maria gonzalez lopez,maria gonzalez,1976-06-06,1976-06-06,F,F,5521834005,525521834005,,maria.gonzalez.002156@hospitalmail.com,mexico,mexico,MGL_F_MEX_1803_08,MGL_F_MEX_1512_67,
PAIR_0229,10138,12755,carmen gonzalez castillo,carmen gonzalez,1988-06-18,1988-06-18,F,F,55258919,552589199,,carmen.gonzalez.000741@outlook.com,mexico,mexico,CGC_F_MEX_2603_39,CGC_F_MEX_0107_89,
PAIR_0230,10808,11602,ricardo vargas rodriguez,ricardo vargas,1937-09-16,1937-09-16,M,M,525569533826,5569533826,ricardo.vargas.000722@mail.com,,mexico,mexico,RVR_M_MEX_1809_09,RVR_M_MEX_0810_03,
PAIR_0231,10159,12913,maria ramirz ramirez,maria ramirez ramirez,1940-07-12,1940-07-12,F,F,525530669635,,maria.ramirez.001304@mail.com,,mexico,mexico,MRR_F_MEX_0901_60,MRR_F_MEX_0304_47,
PAIR_0232,12036,14188,patricia ramirez torres,valeria ramirez lopez,1973-07-27,1973-07-27,F,F,525518460986,5520944925,patricia.ramirez.001359@gmail.com,valeria.ramirez.000689@outlook.com,mexico,mexico,PRT_F_MEX_2411_70,VRL_F_MEX_0409_55,
PAIR_0233,10179,12036,valeria ramirez lopez,patricia ramirez torres,1973-07-27,1973-07-27,F,F,5520944925,525518460986,valeria.ramirez.000689@outlook.com,patricia.ramirez.001359@gmail.com,mexico,mexico,VRL_F_MEX_0502_80,PRT_F_MEX_2411_70,
PAIR_0234,10179,14315,valeria ramirez lopez,patricia rmirez torres,1973-07-27,1973-07-27,F,F,5520944925,5518460986,valeria.ramirez.000689@outlook.com,patricia.ramirez.001359@gmail.com,mexico,mexico,VRL_F_MEX_0502_80,PRT_F_MEX_1201_82,
PAIR_0235,13569,14188,patricia ramirez torres,valeria ramirez lopez,1973-07-27,1973-07-27,F,F,5518460986,5520944925,patricia.ramirez.001359@gmail.com,valeria.ramirez.000689@outlook.com,mexico,mexico,PRT_F_MEX_1511_36,VRL_F_MEX_0409_55,
PAIR_0236,10179,13569,valeria ramirez lopez,patricia ramirez torres,1973-07-27,1973-07-27,F,F,5520944925,5518460986,valeria.ramirez.000689@outlook.com,patricia.ramirez.001359@gmail.com,mexico,mexico,VRL_F_MEX_0502_80,PRT_F_MEX_1511_36,
PAIR_0237,14188,14315,valeria ramirez lopez,patricia rmirez torres,1973-07-27,1973-07-27,F,F,5520944925,5518460986,valeria.ramirez.000689@outlook.com,patricia.ramirez.001359@gmail.com,mexico,mexico,VRL_F_MEX_0409_55,PRT_F_MEX_1201_82,
PAIR_0238,10184,14466,carlos sanchez,carlos sanchez lopez,1987-11-28,1987-11-28,M,M,5575463235,5575463,,carlos.sanchez.002063@mail.com,mexico,mexico,CSL_M_MEX_1502_85,CSL_M_MEX_3011_33,
PAIR_0239,10188,13621,maria martinez hernandez,maria martinez,2006-04-06,2006-04-06,F,F,525526330317,55263303,maria.martinez.000963@mail.com,,mexico,mexico,MMH_F_MEX_2806_89,MMH_F_MEX_2304_88,
PAIR_0240,11561,13621,maria martinez hernandez,maria martinez,2006-04-06,2006-04-06,F,F,525526330317,55263303,maria.martinez.000963@mail.com,,mexico,mexico,MMH_F_MEX_0508_62,MMH_F_MEX_2304_88,
PAIR_0241,10192,13382,jose gonzalez,jose gonzalez flores,1973-12-06,1973-12-06,M,M,5534948233,525534948233,,jose.gonzalez.001241@outlook.com,mexico,mexico,JGF_M_MEX_3011_93,JGF_M_MEX_1309_49,
PAIR_0242,10223,12901,lucia rodriguez lopez,lucia rodriguez,1995-11-14,1995-11-14,F,F,525564773356,5564773356,,,mexico,mexico,LRL_F_MEX_0205_24,LRL_F_MEX_0601_35,
PAIR_0243,11764,12901,lucia rodriguez lopez,lucia rodriguez,1995-11-14,1995-11-14,F,F,553833673,5564773356,lucia.rodriguez.000173@outlook.com,,mexico,mexico,LRL_F_MEX_2812_98,LRL_F_MEX_0601_35,
PAIR_0244,10346,11805,v cruz garcia,valeria crz garcia,1956-02-01,1956-02-01,F,F,5580524812,,,,mexico,mexico,VCG_F_MEX_1207_47,VCG_F_MEX_1008_39,
PAIR_0245,10994,12083,luis hernandez cruz,luis hernandez,1988-10-22,1988-10-22,M,M,5559121835,555912183,,luis.hernandez.002085@outlook.com,mexico,mexico,LHC_M_MEX_2708_95,LHC_M_MEX_3007_17,
PAIR_0246,11545,14458,eduardo rodriguez flores,eduardo rodriguez,1976-06-02,1976-06-02,M,M,525527626114,5527626114,eduardo.rodriguez.000917@outlook.com,,mexico,mexico,ERF_M_MEX_2208_46,ERF_M_MEX_2001_25,
PAIR_0247,13133,14383,ricardo gonzalez,ricardo gonalez gonzalez,2010-08-25,2010-08-25,M,M,5581308274,558130827,,ricardo.gonzalez.000324@hospitalmail.com,mexico,mexico,RGG_M_MEX_0311_67,RGG_M_MEX_2911_50,
PAIR_0248,10468,13133,ricardo gonzalez gonzalez,ricardo gonzalez,2010-08-25,2010-08-25,M,M,,5581308274,ricardo.gonzalez.000324@hospitalmail.com,,mexico,mexico,RGG_M_MEX_2702_69,RGG_M_MEX_0311_67,
PAIR_0249,10485,11495,s flores perez,sofia flores,1986-06-27,1986-06-27,F,F,5571986914,525571986914,sofia.flores.001202@outlook.com,,mexico,mexico,SFP_F_MEX_0109_86,SFP_F_MEX_1905_96,
PAIR_0250,11495,14937,sofia flores,sofia flores perez,1986-06-27,1986-06-27,F,F,525571986914,5571986914,,sofia.flores.001202@outlook.com,mexico,mexico,SFP_F_MEX_1905_96,SFP_F_MEX_0507_04,
PAIR_0251,10508,12179,daniel rodriguez cruz,daniel rodriguez,1981-05-22,1981-05-22,M,M,5552207615,525552207615,,daniel.rodriguez.001862@gmail.com,mexico,mexico,DRC_M_MEX_2007_09,DRC_M_MEX_2504_13,
PAIR_0252,12179,12880,daniel rodriguez,daniel rodriguez cruz,1981-05-22,1981-05-22,M,M,525552207615,555220761,daniel.rodriguez.001862@gmail.com,,mexico,mexico,DRC_M_MEX_2504_13,DRC_M_MEX_2211_14,
PAIR_0253,11939,14079,valeria torres,valeria torres martinez,2011-11-12,2011-11-12,F,F,5515641777,551564177,valeria.torres.001306@outlook.com,,mexico,mexico,VTM_F_MEX_0604_73,VTM_F_MEX_2907_46,
PAIR_0254,11515,12603,valeria rodriguez lopez,valeria rodriguez,1971-10-17,1971-10-17,F,F,,5520288270,,valeria.rodriguez.001896@gmail.com,mexico,mexico,VRL_F_MEX_0309_16,VRL_F_MEX_2610_37,
PAIR_0255,10545,11389,ana perez torres,ana perez,2000-03-06,2000-03-06,F,F,525510058312,5510058312,,ana.perez.001255@mail.com,mexico,mexico,APT_F_MEX_0108_46,APT_F_MEX_1205_90,
PAIR_0256,10549,12583,laura martinez,laura martinez castillo,1943-08-18,1943-08-18,F,F,5524367115,525524367115,,laura.martinez.001331@mail.com,mexico,mexico,LMC_F_MEX_3112_50,LMC_F_MEX_1809_17,
PAIR_0257,10549,12538,laura martinez,laura martinez castillo,1943-08-18,1943-08-18,F,F,5524367115,55243671,,,mexico,mexico,LMC_F_MEX_3112_50,LMC_F_MEX_2212_72,
PAIR_0258,10621,11284,ricardo cruz flores,ricardo cruz,1998-09-17,1998-09-17,M,M,525535394475,5535394475,ricardo.cruz.000583@gmail.com,,mexico,mexico,RCF_M_MEX_1601_22,RCF_M_MEX_1105_85,
PAIR_0259,10651,10836,fernanda martinez,fernanda martinez torres,1996-01-22,1996-01-22,F,F,5584641,525584641571,,fernanda.martinez.001500@outlook.com,mexico,mexico,FMT_F_MEX_0608_52,FMT_F_MEX_2301_37,
PAIR_0260,10651,11928,fernanda martinez,fernanda martinez torres,1996-01-22,1996-01-22,F,F,5584641,558464157,,fernanda.martinez.001500@outlook.com,mexico,mexico,FMT_F_MEX_0608_52,FMT_F_MEX_2210_62,
PAIR_0261,10725,13816,elena garcia,elena garcia,1968-09-03,1968-09-03,F,F,55696860,5569686057,elena.garcia.002217@gmail.com,,mexico,mexico,EGP_F_MEX_2006_26,EGP_F_MEX_0904_83,
PAIR_0262,11842,13816,elena garcia,elena garcia,1968-09-03,1968-09-03,F,F,556968605,5569686057,elena.garcia.002217@gmail.com,,mexico,mexico,EGP_F_MEX_2808_76,EGP_F_MEX_0904_83,
PAIR_0263,10738,11275,jose martinez,jose martinez hernandez,1934-12-05,1934-12-05,M,M,525584854423,5584854423,jose.martinez.001413@outlook.com,,mexico,mexico,JMH_M_MEX_0711_39,JMH_M_MEX_0706_76,
PAIR_0264,11822,12807,luis cruz garcia,luis cuz garcia,1973-05-07,1973-05-07,M,M,5522745015,525522745015,,luis.cruz.001648@gmail.com,mexico,mexico,LCG_M_MEX_1108_56,LCG_M_MEX_2306_41,
PAIR_0265,10755,14047,gabriela castillo sanchez,gabriela castillo,1961-08-05,1961-08-05,F,F,525565324504,5565324504,,gabriela.castillo.001437@outlook.com,mexico,mexico,GCS_F_MEX_2408_56,GCS_F_MEX_2109_14,
PAIR_0266,10764,14496,maria sanchez,maria sanchez ramirez,2013-10-18,2013-10-18,F,F,,5539992118,,maria.sanchez.001538@mail.com,mexico,mexico,MSR_F_MEX_2403_65,MSR_F_MEX_0707_63,
PAIR_0267,10765,14933,fernanda martinez castillo,fernanda martinez,1987-06-25,1987-06-25,F,F,525539711804,5539711804,,fernanda.martinez.001693@mail.com,mexico,mexico,FMC_F_MEX_2608_66,FMC_F_MEX_2102_00,
PAIR_0268,10771,13823,maria flores cruz,maria flores,1984-10-02,1984-10-02,F,F,525591529091,5591529091,,maria.flores.000579@mail.com,mexico,mexico,MFC_F_MEX_2109_72,MFC_F_MEX_2005_90,
PAIR_0269,11627,14313,jorge gonzalez ramirez,jorge gonzalez,1973-06-19,1973-06-19,M,M,525596119965,5596119965,jorge.gonzalez.000939@outlook.com,,mexico,mexico,JGR_M_MEX_2608_28,JGR_M_MEX_1107_80,
PAIR_0270,10779,11627,jorge gonzalez,jorge gonzalez ramirez,1973-06-19,1973-06-19,M,M,5596119965,525596119965,,jorge.gonzalez.000939@outlook.com,mexico,mexico,JGR_M_MEX_1905_80,JGR_M_MEX_2608_28,
PAIR_0271,10817,13072,sofia sanchez,sofia sanchez sanchez,2005-10-22,2005-10-22,F,F,,,sofia.sanchez.001584@outlook.com,,mexico,mexico,SSS_F_MEX_1603_18,SSS_F_MEX_1606_06,
PAIR_0272,10872,12485,eduardo cruz,eduardo cruz perez,1998-02-12,1998-02-12,M,M,525503943469,5503943469,,eduardo.cruz.001328@gmail.com,mexico,mexico,ECP_M_MEX_2212_73,ECP_M_MEX_2012_19,
PAIR_0273,11660,12195,carlos gonzalez castillo,carlos gonzalez,1998-11-15,1998-11-15,M,M,525510768182,5510768182,carlos.gonzalez.001842@hospitalmail.com,,mexico,mexico,CGC_M_MEX_0203_61,CGC_M_MEX_2306_29,
PAIR_0274,10968,12744,valeria flores,valeria flores sanchez,1973-12-18,1973-12-18,F,F,553255711,5532557114,,valeria.flores.000451@mail.com,mexico,mexico,VFS_F_MEX_0506_69,VFS_F_MEX_1408_78,
PAIR_0275,10968,11469,valeria flores,valeria flores sanchez,1973-12-18,1973-12-18,F,F,553255711,5532557114,,valeria.flores.000451@mail.com,mexico,mexico,VFS_F_MEX_0506_69,VFS_F_MEX_2007_70,
PAIR_0276,10978,11282,daniel gonzalez cruz,daniel gonzalez,1955-03-06,1955-03-06,M,M,5596018944,55960189,daniel.gonzalez.001930@gmail.com,,mexico,mexico,DGC_M_MEX_0208_79,DGC_M_MEX_2111_83,
PAIR_0277,11282,14281,daniel gonzalez,daniel gonzalez cruz,1955-03-06,1955-03-06,M,M,55960189,5596018944,,daniel.gonzalez.001930@gmail.com,mexico,mexico,DGC_M_MEX_2111_83,DGC_M_MEX_3004_48,
PAIR_0278,11976,14839,jose ramirez,jose ramirez vargas,1972-02-28,1972-02-28,M,M,525595199374,5595199374,,,mexico,mexico,JRV_M_MEX_2910_10,JRV_M_MEX_2611_06,
PAIR_0279,11976,14603,jose ramirez,jose ramirez,1972-02-28,1972-02-28,M,M,525595199374,5595199374,,jose.ramirez.000051@hospitalmail.com,mexico,mexico,JRV_M_MEX_2910_10,JRV_M_MEX_2111_70,
PAIR_0280,11442,13280,jorge hernandez torres,jorge hernandez,2000-07-18,2000-07-18,M,M,525548498182,5548498182,,,mexico,mexico,JHT_M_MEX_2805_43,JHT_M_MEX_2404_14,
PAIR_0281,11144,11442,jorge hrnandez torres,jorge hernandez torres,2000-07-18,2000-07-18,M,M,5548498182,525548498182,jorge.hernandez.000322@mail.com,,mexico,mexico,JHT_M_MEX_0804_45,JHT_M_MEX_2805_43,
PAIR_0282,12112,14694,manuel snchez castillo,manuel sanchez castillo,1971-09-22,1971-09-22,M,M,525538114016,5538114016,,manuel.sanchez.000428@gmail.com,mexico,mexico,MSC_M_MEX_0710_46,MSC_M_MEX_0908_61,
PAIR_0283,11187,11506,m torres ramirez,carlos flores ramirez,1993-11-29,1993-11-29,M,M,5593995252,5512425990,manuel.torres.000886@gmail.com,,mexico,mexico,MTR_M_MEX_0601_88,CFR_M_MEX_3105_07,
PAIR_0284,13785,14786,manuel torres ramirez,carlos flores ramirez,1993-11-29,1993-11-29,M,M,5593995252,525512425990,manuel.torres.000886@gmail.com,,mexico,mexico,MTR_M_MEX_0902_52,CFR_M_MEX_1703_53,
PAIR_0285,11506,13785,carlos flores ramirez,manuel torres ramirez,1993-11-29,1993-11-29,M,M,5512425990,5593995252,,manuel.torres.000886@gmail.com,mexico,mexico,CFR_M_MEX_3105_07,MTR_M_MEX_0902_52,
PAIR_0286,11187,13743,m torres ramirez,carlos flores ramirez,1993-11-29,1993-11-29,M,M,5593995252,5512425990,manuel.torres.000886@gmail.com,carlos.flores.001788@gmail.com,mexico,mexico,MTR_M_MEX_0601_88,CFR_M_MEX_1409_10,
PAIR_0287,13892,14786,m torres ramirez,carlos flores ramirez,1993-11-29,1993-11-29,M,M,5593995252,525512425990,manuel.torres.000886@gmail.com,,mexico,mexico,MTR_M_MEX_1801_59,CFR_M_MEX_1703_53,
PAIR_0288,13743,13892,carlos flores ramirez,m torres ramirez,1993-11-29,1993-11-29,M,M,5512425990,5593995252,carlos.flores.001788@gmail.com,manuel.torres.000886@gmail.com,mexico,mexico,CFR_M_MEX_1409_10,MTR_M_MEX_1801_59,
PAIR_0289,11187,14786,m torres ramirez,carlos flores ramirez,1993-11-29,1993-11-29,M,M,5593995252,525512425990,manuel.torres.000886@gmail.com,,mexico,mexico,MTR_M_MEX_0601_88,CFR_M_MEX_1703_53,
PAIR_0290,11506,13892,carlos flores ramirez,m torres ramirez,1993-11-29,1993-11-29,M,M,5512425990,5593995252,,manuel.torres.000886@gmail.com,mexico,mexico,CFR_M_MEX_3105_07,MTR_M_MEX_1801_59,
PAIR_0291,13743,13785,carlos flores ramirez,manuel torres ramirez,1993-11-29,1993-11-29,M,M,5512425990,5593995252,carlos.flores.001788@gmail.com,manuel.torres.000886@gmail.com,mexico,mexico,CFR_M_MEX_1409_10,MTR_M_MEX_0902_52,
PAIR_0292,11191,12930,alejandro ramirez,alejandro ramirez vargas,1991-06-14,1991-06-14,M,M,525500969954,5500969954,alejandro.ramirez.001280@gmail.com,,mexico,mexico,ARV_M_MEX_2608_92,ARV_M_MEX_0210_64,
PAIR_0293,11281,12698,l torres gonzalez,m castillo gonzalez,1969-10-27,1969-10-27,F,F,5561261272,5575725141,lucia.torres.000252@hospitalmail.com,maria.castillo.000326@outlook.com,mexico,mexico,LTG_F_MEX_2910_82,MCG_F_MEX_2812_32,
PAIR_0294,12698,14359,m castillo gonzalez,lucia torres gonzalez,1969-10-27,1969-10-27,F,F,5575725141,5561261,maria.castillo.000326@outlook.com,lucia.torres.000252@hospitalmail.com,mexico,mexico,MCG_F_MEX_2812_32,LTG_F_MEX_0302_26,
PAIR_0295,13975,14359,maria castillo gonzalez,lucia torres gonzalez,1969-10-27,1969-10-27,F,F,5575725141,5561261,maria.castillo.000326@outlook.com,lucia.torres.000252@hospitalmail.com,mexico,mexico,MCG_F_MEX_0907_42,LTG_F_MEX_0302_26,
PAIR_0296,12185,14121,fernanda garcia perez,fernanda martinez gonzalez,1998-11-28,1998-11-28,F,F,525592715085,5594246402,fernanda.garcia.002009@mail.com,fernanda.martinez.002135@mail.com,mexico,mexico,FGP_F_MEX_2504_19,FMG_F_MEX_2805_88,
PAIR_0297,12814,14814,fernanda martinez gonzalez,fernanda garcia perez,1998-11-28,1998-11-28,F,F,5594246402,55927150,,fernanda.garcia.002009@mail.com,mexico,mexico,FMG_F_MEX_2412_48,FGP_F_MEX_3112_81,
PAIR_0298,14121,14814,fernanda martinez gonzalez,fernanda garcia perez,1998-11-28,1998-11-28,F,F,5594246402,55927150,fernanda.martinez.002135@mail.com,fernanda.garcia.002009@mail.com,mexico,mexico,FMG_F_MEX_2805_88,FGP_F_MEX_3112_81,
PAIR_0299,13137,14814,fernanda martinez gonzalez,fernanda garcia perez,1998-11-28,1998-11-28,F,F,5594246402,55927150,fernanda.martinez.002135@mail.com,fernanda.garcia.002009@mail.com,mexico,mexico,FMG_F_MEX_1701_71,FGP_F_MEX_3112_81,
PAIR_0300,12789,14814,fernanda martinez gonzalez,fernanda garcia perez,1998-11-28,1998-11-28,F,F,5594246402,55927150,fernanda.martinez.002135@mail.com,fernanda.garcia.002009@mail.com,mexico,mexico,FMG_F_MEX_0809_23,FGP_F_MEX_3112_81,
PAIR_0301,12185,12814,fernanda garcia perez,fernanda martinez gonzalez,1998-11-28,1998-11-28,F,F,525592715085,5594246402,fernanda.garcia.002009@mail.com,,mexico,mexico,FGP_F_MEX_2504_19,FMG_F_MEX_2412_48,
PAIR_0302,11287,12185,fernanda martinez gonzalez,fernanda garcia perez,1998-11-28,1998-11-28,F,F,5594246402,525592715085,fernanda.martinez.002135@mail.com,fernanda.garcia.002009@mail.com,mexico,mexico,FMG_F_MEX_2602_88,FGP_F_MEX_2504_19,
PAIR_0303,12185,13137,fernanda garcia perez,fernanda martinez gonzalez,1998-11-28,1998-11-28,F,F,525592715085,5594246402,fernanda.garcia.002009@mail.com,fernanda.martinez.002135@mail.com,mexico,mexico,FGP_F_MEX_2504_19,FMG_F_MEX_1701_71,
PAIR_0304,12185,12789,fernanda garcia perez,fernanda martinez gonzalez,1998-11-28,1998-11-28,F,F,525592715085,5594246402,fernanda.garcia.002009@mail.com,fernanda.martinez.002135@mail.com,mexico,mexico,FGP_F_MEX_2504_19,FMG_F_MEX_0809_23,
PAIR_0305,11287,14814,fernanda martinez gonzalez,fernanda garcia perez,1998-11-28,1998-11-28,F,F,5594246402,55927150,fernanda.martinez.002135@mail.com,fernanda.garcia.002009@mail.com,mexico,mexico,FMG_F_MEX_2602_88,FGP_F_MEX_3112_81,
PAIR_0306,14391,14457,fernanda vrgas gonzalez,f vargas gonzalez,1974-12-31,1974-12-31,F,F,525578494744,5578494744,,fernanda.vargas.001789@gmail.com,mexico,mexico,FVG_F_MEX_2105_58,FVG_F_MEX_2604_24,
PAIR_0307,11443,14391,fernanda vargas gonzalez,fernanda vrgas gonzalez,1974-12-31,1974-12-31,F,F,5578494744,525578494744,,,mexico,mexico,FVG_F_MEX_1605_44,FVG_F_MEX_2105_58,
PAIR_0308,12696,14391,fernanda vargas gonzalez,fernanda vrgas gonzalez,1974-12-31,1974-12-31,F,F,5578494744,525578494744,fernanda.vargas.001789@gmail.com,,mexico,mexico,FVG_F_MEX_1401_30,FVG_F_MEX_2105_58,
PAIR_0309,12446,13048,alejandro perez ramirez,alejandro perez,2000-09-28,2000-09-28,M,M,525543083279,5543083279,alejandro.perez.000647@outlook.com,,mexico,mexico,APR_M_MEX_2809_80,APR_M_MEX_1405_82,
PAIR_0310,11494,13048,alejandro perez ramirez,alejandro perez,2000-09-28,2000-09-28,M,M,554308327,5543083279,alejandro.perez.000647@outlook.com,,mexico,mexico,APR_M_MEX_2502_95,APR_M_MEX_1405_82,
PAIR_0311,13048,13149,alejandro perez,alejandro perez ramirez,2000-09-28,2000-09-28,M,M,5543083279,525543083279,,alejandro.perez.000647@outlook.com,mexico,mexico,APR_M_MEX_1405_82,APR_M_MEX_0401_83,
PAIR_0312,11566,11880,jose lopez,jose lopez martinez,2003-08-08,2003-08-08,M,M,5548282250,5562694678,jose.lopez.001368@hospitalmail.com,jose.lopez.000696@gmail.com,mexico,mexico,JLC_M_MEX_1209_67,JLM_M_MEX_3006_14,
PAIR_0313,11763,13083,lucia garcia rodriguez,lucia gacia rodriguez,2019-11-30,2019-11-30,F,F,525516599172,5516599172,,,mexico,mexico,LGR_F_MEX_0206_97,LGR_F_MEX_2606_17,
PAIR_0314,11828,14160,gabriela martinez,gabriela martinez cruz,1969-09-20,1969-09-20,F,F,5587505682,525587505682,,gabriela.martinez.000304@hospitalmail.com,mexico,mexico,GMC_F_MEX_0404_62,GMC_F_MEX_1010_27,
PAIR_0315,11887,12896,valeria gonzalez,valeria gonzalez martinez,1958-07-15,1958-07-15,F,F,5526146870,525526146870,valeria.gonzalez.002081@gmail.com,,mexico,mexico,VGM_F_MEX_2006_21,VGM_F_MEX_1506_30,
PAIR_0316,12082,13904,lucia martinez,lucia martinez garcia,2009-01-25,2009-01-25,F,F,5522035575,525522035575,,lucia.martinez.000009@outlook.com,mexico,mexico,LMG_F_MEX_0812_16,LMG_F_MEX_0402_71,
PAIR_0317,12263,12536,laura lopez,laura lopez cruz,1967-11-03,1967-11-03,F,F,,525554321747,laura.lopez.000412@mail.com,,mexico,mexico,LLC_F_MEX_1807_97,LLC_F_MEX_0810_70,
PAIR_0318,12263,14918,laura lopez,laura lopez cruz,1967-11-03,1967-11-03,F,F,,5554321747,laura.lopez.000412@mail.com,,mexico,mexico,LLC_F_MEX_1807_97,LLC_F_MEX_3110_85,
PAIR_0319,12588,13116,valeria perez lopez,valeria perez,1939-10-05,1939-10-05,F,F,525585699735,5585699735,,valeria.perez.000842@outlook.com,mexico,mexico,VPL_F_MEX_2002_22,VPL_F_MEX_1802_50,
PAIR_0320,13008,14902,lucia sanchez cruz,lucia sanchez,1949-02-04,1949-02-04,F,F,525572049707,5572049707,,lucia.sanchez.002228@mail.com,mexico,mexico,LSC_F_MEX_1201_42,LSC_F_MEX_0705_69,
PAIR_0321,13979,14875,jorge flores,jorge flores gonzalez,2001-02-19,2001-02-19,M,M,5576564,5576564677,jorge.flores.001014@hospitalmail.com,,mexico,mexico,JFG_M_MEX_2411_46,JFG_M_MEX_1601_42,
PAIR_0322,13826,14205,fernanda vargas,fernanda vargas sanchez,1965-08-23,1965-08-23,F,F,5599376774,525599376774,,fernanda.vargas.000662@outlook.com,mexico,mexico,FVS_F_MEX_1208_93,FVS_F_MEX_1804_72,
PAIR_0323,14591,14699,fernando rodriguez,fernando rodriguez sanchez,1948-02-29,1948-02-29,M,M,525549257036,5549257036,fernando.rodriguez.001745@gmail.com,,mexico,mexico,FRS_M_MEX_2001_58,FRS_M_MEX_2811_66,
PAIR_0324,291,4183,alejandro lopez sanchez,alejandro lopez,1956-07-10,2011-10-14,M,M,665605859,665605859,,alejandro.lopez.002139@mail.com,espana,espana,ALS_M_ESP_2707_92,ALS_M_ESP_0303_50,
PAIR_0325,901,1187,daniel martinez rodriguez,d martinez rodriguez,2010-09-30,1970-08-16,M,M,617675742,617675742,,daniel.martinez.000836@gmail.com,espana,espana,DMR_M_ESP_2102_02,DMR_M_ESP_0509_88,
PAIR_0326,2907,3748,n hernandez gomez,nuria hernandez gomez,1997-02-20,2000-04-30,F,F,34625398326,34625398326,nuria.hernandez.002163@mail.com,nuria.hernandez.002163@mail.com,espana,espana,NHG_F_ESP_2408_41,NHG_F_ESP_0502_15,
PAIR_0327,5528,6436,jessica wilson,jessica wilson martinez,1967-11-07,1948-05-17,F,F,2021178427,2021178427,jessica.wilson.000077@gmail.com,jessica.wilson.000077@gmail.com,estados_unidos,estados_unidos,JWM_F_USA_0103_29,JWM_F_USA_2503_37,
PAIR_0328,6518,7587,charles jones,charles jones jones,1947-05-28,2011-09-15,M,M,2021926620,2021926620,charles.jones.000532@gmail.com,charles.jones.000532@gmail.com,estados_unidos,estados_unidos,CJJ_M_USA_2208_19,CJJ_M_USA_0212_21,
PAIR_0329,8904,9096,e davis wilson,elizabeth davis wilson,1976-11-08,1985-02-07,F,F,2028958724,2028958724,elizabeth.davis.000834@outlook.com,elizabeth.davis.000834@outlook.com,estados_unidos,estados_unidos,EDW_F_USA_0112_71,EDW_F_USA_1412_63,
PAIR_0330,6839,9096,elizabeth davis,elizabeth davis wilson,1976-11-08,1985-02-07,F,F,2028958724,2028958724,,elizabeth.davis.000834@outlook.com,estados_unidos,estados_unidos,EDW_F_USA_0509_73,EDW_F_USA_1412_63,
PAIR_0331,12901,13121,lucia rodriguez,lucia rodriguez lopez,1995-11-14,1968-12-18,F,F,5564773356,5564773356,,lucia.rodriguez.002234@hospitalmail.com,mexico,mexico,LRL_F_MEX_0601_35,LRL_F_MEX_2812_55,
PAIR_0332,380,4238,r ruiz ruiz,rafael ruiz ruiz,1991-05-20,2013-05-10,M,M,34645373511,645373511,rafael.ruiz.001438@mail.com,rafael.ruiz.001438@mail.com,espana,espana,RRR_M_ESP_2806_81,RRR_M_ESP_0701_05,
PAIR_0333,1187,2703,d martinez rodriguez,daniel martinez rodriguez,1970-08-16,2010-09-30,M,M,617675742,34617675742,daniel.martinez.000836@gmail.com,daniel.martinez.000836@gmail.com,espana,espana,DMR_M_ESP_0509_88,DMR_M_ESP_1104_37,
PAIR_0334,2294,3702,alejandro lopez diaz,alejandro lopez,2011-10-14,1956-07-10,M,M,34652868717,652868717,alejandro.lopez.001119@hospitalmail.com,alejandro.lopez.001119@hospitalmail.com,espana,espana,ALD_M_ESP_0401_28,ALD_M_ESP_0303_69,
PAIR_0335,5169,6841,john taylor garcia,john taylor,1980-11-20,1963-03-03,M,M,12025031741,2025031,john.taylor.001161@mail.com,john.taylor.001161@mail.com,estados_unidos,estados_unidos,JTG_M_USA_3110_70,JTG_M_USA_1407_75,
PAIR_0336,5869,9574,john taylor garcia,john tylor garcia,1963-03-03,1980-11-20,M,M,12022273522,2022273522,john.taylor.000760@outlook.com,john.taylor.000760@outlook.com,estados_unidos,estados_unidos,JTG_M_USA_0511_70,JTG_M_USA_0601_41,
PAIR_0337,6054,9113,e davis wilson,elizabeth davis wilson,1985-02-07,1976-11-08,F,F,2025767493,12025767493,elizabeth.davis.001621@hospitalmail.com,elizabeth.davis.001621@hospitalmail.com,estados_unidos,estados_unidos,EDW_F_USA_2101_55,EDW_F_USA_1312_80,
PAIR_0338,9098,9842,robert jones,robert jones davis,1990-07-18,1943-08-26,M,M,2026662645,12026662645,robert.jones.000575@outlook.com,robert.jones.000575@outlook.com,estados_unidos,estados_unidos,RJD_M_USA_1109_65,RJD_M_USA_1701_09,
